BEGIN TRANSACTION;
CREATE TABLE IF NOT EXISTS "Empleado" (
	"id"	INTEGER NOT NULL UNIQUE,
	"nombre"	TEXT NOT NULL,
	"apellido"	TEXT NOT NULL,
	"contrasena"	TEXT NOT NULL,
	PRIMARY KEY("id")
);
CREATE TABLE IF NOT EXISTS "Habitacion_cama" (
	"id"	INTEGER NOT NULL UNIQUE,
	"value"	TEXT NOT NULL UNIQUE,
	PRIMARY KEY("id")
);
CREATE TABLE IF NOT EXISTS "Habitacion_caracteristica" (
	"id"	INTEGER NOT NULL UNIQUE,
	"value"	TEXT NOT NULL UNIQUE,
	PRIMARY KEY("id")
);
CREATE TABLE IF NOT EXISTS "Cliente" (
	"id"	INTEGER NOT NULL UNIQUE,
	"nDocumento"	TEXT UNIQUE,
	"nombre"	TEXT,
	"apellido"	TEXT,
	"datosAdicionales"	TEXT,
	"celular"	TEXT,
	"lastUpdate"	TEXT,
	PRIMARY KEY("id" AUTOINCREMENT)
);
CREATE TABLE IF NOT EXISTS "Arquiler" (
	"id"	INTEGER NOT NULL UNIQUE,
	"id_hab"	TEXT NOT NULL,
	"id_cli"	INTEGER NOT NULL,
	"id_emp"	INTEGER NOT NULL,
	"id_hab_reg"	INTEGER,
	"precioReal"	NUMERIC NOT NULL,
	"deuda"	NUMERIC,
	"fechaHoraChecking"	TEXT,
	"fechaHoraCheckout"	TEXT,
	"lastUpdate"	TEXT,
	FOREIGN KEY("id_hab") REFERENCES "Habitacion"("id"),
	FOREIGN KEY("id_cli") REFERENCES "Cliente"("id"),
	FOREIGN KEY("id_hab_reg") REFERENCES "Habitaciones_registro"("id"),
	FOREIGN KEY("id_emp") REFERENCES "Empleado"("id"),
	PRIMARY KEY("id" AUTOINCREMENT)
);
CREATE TABLE IF NOT EXISTS "Habitaciones_registro" (
	"id"	INTEGER NOT NULL UNIQUE,
	"id_hab"	TEXT NOT NULL,
	"id_hab_est"	INTEGER NOT NULL,
	"fechaHoraInicio"	TEXT NOT NULL,
	"fechaHoraFin"	TEXT,
	"lastUpdate"	TEXT,
	FOREIGN KEY("id_hab") REFERENCES "Habitacion"("id"),
	FOREIGN KEY("id_hab_est") REFERENCES "Habitacion_estado"("id"),
	PRIMARY KEY("id" AUTOINCREMENT)
);
CREATE TABLE IF NOT EXISTS "Habitacion_estado" (
	"id"	INTEGER NOT NULL UNIQUE,
	"value"	TEXT NOT NULL UNIQUE,
	"is_in_arquiler"	TEXT,
	"is_in_hab_reg"	TEXT,
	"is_in_hab"	TEXT,
	"background"	TEXT,
	PRIMARY KEY("id")
);
CREATE TABLE IF NOT EXISTS "Habitacion" (
	"id"	TEXT NOT NULL UNIQUE,
	"nombre"	TEXT,
	"descripcion"	TEXT,
	"precioReferencia"	NUMERIC,
	"piso"	INTEGER NOT NULL,
	"camas"	TEXT,
	"caracteristicas"	TEXT,
	"id_permanent_state"	INTEGER,
	FOREIGN KEY("id_permanent_state") REFERENCES "Habitacion_estado"("id"),
	PRIMARY KEY("id")
);
INSERT INTO "Empleado" ("id","nombre","apellido","contrasena") VALUES (1,'Johan','Velasquez','hgp'),
 (2,'Ce','Aquino','hgp'),
 (3,'Lucho','L','hgp'),
 (4,'Roy','R','hgp'),
 (5,'General','General','hgp');
INSERT INTO "Habitacion_cama" ("id","value") VALUES (1,'1 plaza'),
 (2,'1.5 plaza'),
 (3,'2 plaza'),
 (4,'2.5 plaza'),
 (5,'3 plazas');
INSERT INTO "Habitacion_caracteristica" ("id","value") VALUES (1,'agua caliente'),
 (2,'cable'),
 (3,'netflix'),
 (4,'vista de ventana'),
 (5,'internet');
INSERT INTO "Cliente" ("id","nDocumento","nombre","apellido","datosAdicionales","celular","lastUpdate") VALUES (1,'4564564','Juan','Veltran','Necesita agua','345345','2024-04-22 22:20:11.274984'),
 (2,'4488245','Manuel','Tupac','Sale en la amdrugada','592533675','2024-05-25 16:49:34.275350'),
 (3,'8754645','Carlos','Saldanez','Necesita atencion especial','292533675','2024-04-22 19:37:43.565000'),
 (4,'7488245','Alonso','Cerro','-fdydicyitf','192533675','2024-05-19 19:34:36.398218'),
 (7,'6575567','Juan','Gonzales','Guardo saco','992533674','2024-04-22 19:35:43.565000'),
 (22,'4456456','Luis','Veltran','Necesita agua','345345','2024-04-22 19:34:43.565000'),
 (33,'3453456','Juan','Gonzales','Guardo saco','992533674','2024-04-22 19:33:43.565000'),
 (318,'45645645','Juan','Veltran','Necesita agua','345345','2024-04-22 19:32:43.565000'),
 (319,'456456','Juan','Veltran','Necesita agua','345345','2024-05-25 16:49:19.917420'),
 (320,'xxx','sdasd','ssss','Necesita aguas','345345','2024-05-25 16:49:29.759793'),
 (324,'45645646','Juan','Gonzales','Guardo sacos','992533674','2024-05-25 16:53:54.591409'),
 (325,'542647776','Juanb','Veltran','Necesita agua','345345','2024-05-17 19:44:49.905613'),
 (326,'445645624','vvvv','Veltran','Necesita agua','555555','2024-05-27 16:07:53.406314'),
 (327,'33324','Test','Test','sdfsdfsd','a2323','2024-05-23 21:32:13.165885'),
 (328,'hhhh','werqwer','ewqrwqe','','we3434','2024-05-25 16:53:57.435376'),
 (329,'12344543','Luis','S','dasfeasdfsadf
sdf
asdf
asdf
','161815603','2024-05-27 16:02:52.879250'),
 (330,'111111','sT','ST','SDFASDF','987986465','2024-05-27 16:07:08.344450'),
 (331,'sdfsdf','asdfadas','asdfasdf','asdfasdf','asdfa','2024-05-27 16:43:32.725129');
INSERT INTO "Arquiler" ("id","id_hab","id_cli","id_emp","id_hab_reg","precioReal","deuda","fechaHoraChecking","fechaHoraCheckout","lastUpdate") VALUES (1,'22',1,5,84,150,700,'2024-04-21 22:49:23.746000','2024-04-23 20:18:49.555000','2024-05-05 00:22:39.516106'),
 (2,'22',1,5,190,150,700,'2024-04-23 19:11:02.196000','2024-05-04 21:15:03.491000',NULL),
 (3,'23',1,5,89,120,0,'2024-04-21 22:49:23.746000',NULL,'2024-05-05 00:32:08.718620'),
 (4,'53',1,5,69,12,12,'2024-04-16 20:51:20.000000',NULL,'2024-05-04 23:49:47.078966'),
 (8,'23',1,5,71,111,1,'2024-04-22 19:34:01.501000',NULL,'2024-05-04 23:56:47.984826'),
 (9,'21',1,5,70,51,1,'2024-04-16 20:56:08.214000',NULL,'2024-05-04 23:56:41.278424'),
 (12,'51',33,5,191,100,12,'2024-01-25 12:00:00.000000',NULL,NULL),
 (14,'22',7,5,118,150,700,'2024-04-21 22:49:23.746000','2024-04-23 20:18:49.555000','2024-05-25 16:04:54.881834'),
 (16,'23',1,5,83,111,1,'2024-04-22 19:34:01.501000',NULL,'2024-05-05 00:21:46.178837'),
 (17,'23',1,5,82,111,1,'2024-04-22 19:34:01.501000',NULL,'2024-05-05 00:21:35.239668'),
 (18,'23',1,5,80,111,1,'2024-04-22 19:34:01.501000',NULL,'2024-05-05 00:12:23.181205'),
 (19,'22',1,5,72,150,700,'2024-04-21 22:49:23.746000','2024-04-23 20:18:49.555000','2024-05-05 00:09:29.837391'),
 (20,'22',1,5,84,150,700,'2024-04-21 22:49:23.746000','2024-04-23 20:18:49.555000','2024-05-05 00:23:12.006531'),
 (21,'22',7,5,NULL,150,700,'2024-04-21 22:49:23.746000','2024-04-23 20:18:49.555000','2024-05-05 00:24:26.168995'),
 (22,'22',7,5,85,150,700,'2024-04-21 22:49:23.746000','2024-04-23 20:18:49.555000','2024-05-25 16:48:14.649380'),
 (23,'22',7,5,86,150,700,'2024-04-21 22:49:23.746000','2024-04-23 20:18:49.555000','2024-05-05 00:31:25.720508'),
 (24,'22',7,5,87,150,700,'2024-04-21 22:49:23.746000','2024-04-23 20:18:49.555000','2024-05-21 23:32:16.742937'),
 (25,'22',7,5,88,150,700,'2024-04-21 22:49:23.746000','2024-04-23 20:18:49.555000','2024-05-05 00:31:33.280794'),
 (26,'23',1,5,138,120,0,'2024-05-05 17:34:12.557000',NULL,'2024-05-19 19:15:50.486133'),
 (27,'23',1,5,96,120,0,'2024-04-21 22:49:23.746000','2024-05-05 17:32:45.274000','2024-05-19 15:30:49.755397'),
 (28,'23',1,5,97,120,0,'2024-04-21 22:49:23.746000','2024-05-05 00:53:59.851000','2024-05-19 19:20:49.596464'),
 (29,'22',320,5,137,100,10,'2024-05-11 13:14:50.256000','2024-05-15 13:14:41.376000','2024-05-19 19:15:24.534417'),
 (30,'23',326,5,139,111,1,'2024-04-22 19:34:01.501000',NULL,'2024-05-25 16:07:41.917474'),
 (31,'23',1,5,119,120,10,'2024-05-05 17:34:12.557000','2024-05-19 19:48:05.116000','2024-05-25 16:04:27.178379'),
 (32,'23',1,5,134,120,0,'2024-05-05 17:34:12.557000',NULL,'2024-05-19 19:03:29.513576'),
 (33,'22',22,5,140,150,700,'2024-04-21 22:49:23.746000','2024-04-23 20:18:49.555000','2024-05-25 16:00:33.795500'),
 (34,'23',327,5,141,200,0,'2024-05-24 21:31:50.881000',NULL,'2024-05-23 21:32:20.747913'),
 (35,'23',328,5,142,111,12,'2024-05-25 21:43:16.254000','2024-05-23 21:42:43.229000','2024-05-23 21:43:48.609058'),
 (37,'24',327,5,145,160,0,'2024-05-25 12:45:30.542000','2024-05-26 12:45:32.373000','2024-05-25 12:46:34.662915'),
 (38,'24',319,5,146,140,10,'2024-05-25 13:23:00.539000','2024-05-26 13:23:00.870000','2024-05-25 13:23:09.819456'),
 (39,'22',327,5,150,150,0,'2024-05-26 20:48:01.933000','2024-05-27 20:48:02.360000','2024-05-26 22:42:25.079079'),
 (40,'22',320,5,151,100,10,'2024-05-25 14:55:28.286000',NULL,'2024-05-25 14:56:07.744251'),
 (41,'23',326,5,161,50,0,'2024-05-26 19:56:49.202000','2024-05-27 19:56:49.597000','2024-05-26 19:57:03.801126'),
 (46,'22',327,5,171,150,0,'2024-05-26 20:48:01.933000','2024-05-27 20:48:02.360000','2024-05-26 20:49:58.869005'),
 (48,'41',326,5,194,110,0,'2024-05-26 16:09:49.979000',NULL,'2024-05-27 16:14:43.180954'),
 (49,'24',331,5,200,100,0,'2024-05-27 16:42:56.061000',NULL,'2024-05-27 16:43:37.617712');
INSERT INTO "Habitaciones_registro" ("id","id_hab","id_hab_est","fechaHoraInicio","fechaHoraFin","lastUpdate") VALUES (1,'53',2,'2024-01-24 19:00:00','2024-01-24 19:00:00','2024-04-26 17:25:29.629320'),
 (2,'53',6,'2024-04-26 17:25:40.172000','2024-04-26 17:25:41.316000','2024-04-26 17:25:51.406627'),
 (3,'25',2,'2024-01-13 09:20:00','2024-01-13 09:20:00','2024-04-22 19:37:43.565000'),
 (4,'51',5,'2024-01-14 09:30:00','2024-01-14 10:30:00','2024-04-22 19:56:43.565000'),
 (5,'52',2,'2024-01-09 10:00:00','2024-01-10 10:00:00','2024-04-22 19:35:43.565000'),
 (6,'52',2,'2024-01-09 05:00:00','2024-01-09 06:00:00','2024-04-22 19:34:43.565000'),
 (7,'22',3,'2024-04-23 19:11:02.196000','2024-05-04 21:15:03.491000','2024-05-04 21:15:25.446388'),
 (20,'53',2,'2024-04-26 17:27:28.908000','2024-04-27 17:27:30.140000','2024-04-26 17:27:43.573696'),
 (21,'53',3,'2024-01-24 19:00:00.000000','2024-01-24 19:00:00.000000','2024-05-01 23:18:36.800587'),
 (22,'53',3,'2024-01-24 19:00:00.000000','2024-01-24 19:00:00.000000','2024-05-01 23:18:39.808225'),
 (23,'53',3,'2024-01-24 19:00:00.000000','2024-01-24 19:00:00.000000','2024-05-01 23:18:44.089288'),
 (24,'53',3,'2024-01-24 19:00:00.000000','2024-01-24 19:00:00.000000','2024-05-01 23:55:22.227105'),
 (25,'52',7,'2024-01-14 09:29:00.000000','2024-01-20 09:31:00.000000','2024-05-06 01:38:51.502235'),
 (26,'52',4,'2024-01-14 09:29:00.000000','2024-01-20 09:31:00.000000','2024-05-04 19:07:03.006104'),
 (27,'51',3,'2024-01-25 12:00:00.000000',NULL,'2024-05-04 22:00:51.991376'),
 (28,'22',3,'2024-04-21 22:49:23.746000','2024-04-23 20:18:49.555000','2024-05-04 22:02:25.255133'),
 (29,'22',3,'2024-04-21 22:49:23.746000','2024-04-23 20:18:49.555000','2024-05-04 22:19:23.293795'),
 (30,'23',3,'2024-04-21 22:49:23.746000',NULL,'2024-05-04 22:21:07.941259'),
 (31,'23',3,'2024-04-22 19:34:01.501000',NULL,'2024-05-04 22:22:45.474786'),
 (32,'21',6,'2024-05-13 01:39:45.560000',NULL,'2024-05-13 01:39:50.603926'),
 (33,'21',3,'2024-01-08 11:56:08.214000',NULL,'2024-05-06 00:01:42.898950'),
 (34,'23',3,'2024-04-22 19:34:01.501000',NULL,'2024-05-04 22:31:05.444598'),
 (35,'23',3,'2024-04-21 22:49:23.746000',NULL,'2024-05-04 22:39:18.081933'),
 (36,'22',3,'2024-04-21 22:49:23.746000','2024-04-23 20:18:49.555000','2024-05-04 22:36:12.978564'),
 (37,'22',3,'2024-05-04 22:34:26.350000','2024-05-04 22:34:26.920000','2024-05-04 22:40:13.418028'),
 (38,'22',3,'2024-05-04 22:34:26.350000','2024-05-04 22:34:26.920000','2024-05-04 22:40:38.265163'),
 (39,'51',3,'2024-01-25 12:00:00.000000',NULL,'2024-05-04 22:45:48.272116'),
 (40,'22',3,'2024-04-23 19:11:02.196000','2024-05-04 21:15:03.491000','2024-05-04 22:47:36.999912'),
 (41,'22',3,'2024-04-21 22:49:23.746000','2024-04-23 20:18:49.555000','2024-05-04 22:49:29.848528'),
 (42,'22',3,'2024-04-23 19:11:02.196000','2024-05-04 21:15:03.491000','2024-05-04 22:54:45.376119'),
 (43,'22',3,'2024-04-23 19:11:02.196000','2024-05-04 21:15:03.491000','2024-05-04 22:56:10.759767'),
 (44,'22',3,'2024-04-23 19:11:02.196000','2024-05-04 21:15:03.491000','2024-05-04 22:56:50.671050'),
 (45,'53',3,'2024-04-16 20:51:20.000000',NULL,'2024-05-04 22:58:43.887817'),
 (46,'53',3,'2024-04-16 20:51:20.000000',NULL,'2024-05-04 23:01:04.796101'),
 (47,'53',3,'2024-04-16 20:51:20.000000',NULL,'2024-05-04 23:03:35.479859'),
 (48,'53',3,'2024-04-16 20:51:20.000000',NULL,'2024-05-04 23:04:40.591492'),
 (49,'53',3,'2024-04-16 20:51:20.000000',NULL,'2024-05-04 23:05:39.085607'),
 (50,'35',3,'2024-07-15 19:35:43.565000',NULL,'2024-05-13 01:38:35.189847'),
 (51,'35',3,'2024-04-22 19:35:43.565000',NULL,'2024-05-04 23:23:05.555730'),
 (52,'22',3,'2024-04-23 19:11:02.196000','2024-05-04 21:15:03.491000','2024-05-04 23:24:04.348554'),
 (53,'53',3,'2024-04-16 20:51:20.000000',NULL,'2024-05-04 23:25:36.276460'),
 (54,'22',3,'2024-04-21 22:49:23.746000','2024-04-23 20:18:49.555000','2024-05-04 23:29:47.434582'),
 (55,'22',3,'2024-05-04 22:34:26.350000','2024-05-04 22:34:26.920000','2024-05-04 23:30:35.075328'),
 (56,'51',3,'2024-05-15 00:01:10.906000',NULL,'2024-05-15 00:01:13.503387'),
 (57,'53',2,'2024-01-24 19:00:00.000000','2024-01-24 19:00:00.000000','2024-05-04 23:40:02.678072'),
 (58,'53',2,'2024-01-24 19:00:00.000000','2024-01-24 19:00:00.000000','2024-05-04 23:40:05.350681'),
 (59,'53',2,'2024-01-24 19:00:00.000000','2024-01-24 19:00:00.000000','2024-05-04 23:40:07.582869'),
 (60,'53',2,'2024-01-24 19:00:00.000000','2024-01-24 19:00:00.000000','2024-05-04 23:40:09.750599'),
 (61,'53',2,'2024-01-24 19:00:00.000000','2024-01-24 19:00:00.000000','2024-05-04 23:40:12.326024'),
 (62,'35',3,'2024-01-12 13:08:00.000000',NULL,'2024-05-04 23:46:26.664086'),
 (63,'23',3,'2024-04-21 22:49:23.746000',NULL,'2024-05-04 23:46:31.856308'),
 (65,'51',3,'2024-01-25 12:00:00.000000',NULL,'2024-05-04 23:46:49.855379'),
 (66,'22',3,'2024-04-21 22:49:23.746000','2024-04-23 20:18:49.555000','2024-05-04 23:47:17.208010'),
 (67,'23',3,'2024-04-22 19:34:01.501000',NULL,'2024-05-04 23:47:36.976109'),
 (68,'21',3,'2022-04-03 12:56:08.214000',NULL,'2024-05-06 22:26:15.641594'),
 (69,'53',3,'2024-04-16 20:51:20.000000',NULL,'2024-05-04 23:49:46.991170'),
 (70,'21',3,'2024-04-16 05:56:08.214000',NULL,'2024-05-04 23:56:41.183744'),
 (71,'23',3,'2024-04-22 19:34:01.501000',NULL,'2024-05-04 23:56:47.894641'),
 (72,'22',3,'2024-04-21 22:49:23.746000','2024-04-23 20:18:49.555000','2024-05-05 00:09:29.750212'),
 (73,'23',3,'2024-04-22 19:34:01.501000',NULL,'2024-05-05 00:09:36.733460'),
 (74,'23',3,'2024-04-22 19:34:01.501000',NULL,'2024-05-05 00:09:40.261033'),
 (75,'23',3,'2024-04-22 19:34:01.501000',NULL,'2024-05-05 00:09:42.131973'),
 (76,'23',3,'2024-04-22 19:34:01.501000',NULL,'2024-05-05 00:09:44.389521'),
 (77,'23',3,'2024-04-22 19:34:01.501000',NULL,'2024-05-05 00:09:47.884707'),
 (78,'23',3,'2024-04-22 19:34:01.501000',NULL,'2024-05-05 00:09:55.356452'),
 (79,'23',3,'2024-04-22 19:34:01.501000',NULL,'2024-05-05 00:12:06.739594'),
 (81,'23',3,'2024-04-22 19:34:01.501000',NULL,'2024-05-05 00:20:29.274144'),
 (82,'23',3,'2024-04-22 19:34:01.501000',NULL,'2024-05-05 00:21:35.147266'),
 (83,'23',3,'2024-04-22 19:34:01.501000',NULL,'2024-05-05 00:21:46.098776'),
 (84,'22',3,'2024-04-21 22:49:23.746000','2024-04-23 20:18:49.555000','2024-05-05 00:22:39.435984'),
 (85,'22',2,'2024-04-21 22:49:23.746000','2024-04-23 20:18:49.555000','2024-05-25 16:48:14.570889'),
 (86,'22',5,'2024-04-21 22:49:23.746000','2024-04-23 20:18:49.555000','2024-05-13 01:01:50.775788'),
 (87,'22',3,'2024-04-21 22:49:23.746000','2024-04-23 20:18:49.555000','2024-05-21 23:32:16.659672'),
 (88,'22',3,'2024-04-21 22:49:23.746000','2024-04-23 20:18:49.555000','2024-05-05 00:31:33.201520'),
 (89,'23',3,'2024-04-21 22:49:23.746000',NULL,'2024-05-05 00:32:08.665870'),
 (92,'35',3,'2024-01-19 13:08:00.000000',NULL,'2024-05-13 01:38:19.265906'),
 (94,'35',3,'2024-04-22 20:35:43.565000','2024-05-05 00:32:39.350000','2024-05-13 01:38:51.447653'),
 (95,'23',3,'2024-05-05 17:34:12.557000',NULL,'2024-05-05 17:40:00.658404'),
 (96,'23',2,'2024-04-21 22:49:23.746000','2024-05-05 17:32:45.274000','2024-05-19 15:30:49.629404'),
 (97,'22',2,'2024-04-21 22:49:23.746000','2024-04-23 20:18:49.555000','2024-05-19 19:23:21.595324'),
 (98,'45',2,'2024-05-05 01:00:01.482000','2024-05-07 02:00:03.370000','2024-05-05 01:00:37.243747'),
 (99,'22',2,'2024-05-11 13:14:50.256000','2024-05-15 13:14:41.376000','2024-05-11 13:15:18.731845'),
 (100,'32',2,'2024-05-13 01:02:14.024000',NULL,'2024-05-13 01:02:21.720615'),
 (101,'32',4,'2024-05-13 01:02:14.024000',NULL,'2024-05-13 01:02:46.682872'),
 (102,'45',2,'2024-05-13 01:03:36.629000',NULL,'2024-05-13 01:03:42.107884'),
 (105,'32',2,'2024-05-13 01:41:05.430000',NULL,'2024-05-13 01:41:09.287655'),
 (106,'22',3,'2024-05-15 00:01:54.790000','2024-05-23 21:56:14.496000','2024-05-23 21:56:15.639588'),
 (107,'22',2,'2024-05-11 13:14:50.256000','2024-05-15 13:14:41.376000','2024-05-15 20:51:08.783424'),
 (108,'22',2,'2024-05-11 13:14:50.256000','2024-05-15 13:14:41.376000','2024-05-15 20:51:31.096233'),
 (109,'22',4,'2024-05-11 13:14:50.256000','2024-05-15 13:14:41.376000','2024-05-15 20:51:58.725509'),
 (110,'22',4,'2024-05-11 13:14:50.256000','2024-05-15 13:14:41.376000','2024-05-15 20:52:04.605939'),
 (111,'53',2,'2024-05-15 21:10:43.215000','2024-04-27 17:27:30.140000','2024-05-15 21:11:05.875264'),
 (113,'23',3,'2024-05-15 21:23:16.015000','2024-05-18 21:57:44.114000','2024-05-23 21:57:53.285203'),
 (115,'23',3,'2024-05-17 19:42:48.444000','2024-05-23 22:26:20.791000','2024-05-23 21:26:24.037283'),
 (116,'21',3,'2024-05-17 19:42:48.444000',NULL,'2024-05-17 19:44:01.252582'),
 (117,'23',3,'2024-04-22 19:34:01.501000',NULL,'2024-05-19 19:16:01.763452'),
 (118,'22',2,'2024-04-21 22:49:23.746000','2024-04-23 20:18:49.555000','2024-05-25 16:04:54.471715'),
 (119,'23',3,'2024-05-05 17:34:12.557000','2024-05-19 19:48:05.116000','2024-05-25 16:04:26.733098'),
 (131,'23',3,'2024-05-05 17:34:12.557000',NULL,'2024-05-19 19:02:34.217506'),
 (133,'23',3,'2024-05-05 17:34:12.557000',NULL,'2024-05-19 19:03:27.595619'),
 (134,'22',2,'2024-05-11 13:14:50.256000','2024-05-15 13:14:41.376000','2024-05-19 19:14:51.388941'),
 (135,'22',2,'2024-05-11 13:14:50.256000','2024-05-15 13:14:41.376000','2024-05-19 19:15:06.650343'),
 (136,'22',2,'2024-05-11 13:14:50.256000','2024-05-15 13:14:41.376000','2024-05-19 19:15:21.062826'),
 (137,'23',3,'2024-05-05 17:34:12.557000',NULL,'2024-05-19 19:15:43.927643'),
 (138,'23',3,'2024-05-05 17:34:12.557000',NULL,'2024-05-19 19:15:50.390720'),
 (139,'23',3,'2024-04-22 19:34:01.501000',NULL,'2024-05-25 16:07:41.487837'),
 (140,'22',2,'2024-04-21 22:49:23.746000','2024-04-23 20:18:49.555000','2024-05-25 16:00:33.368041'),
 (141,'23',3,'2024-05-24 21:31:50.881000',NULL,'2024-05-23 21:32:20.662135'),
 (143,'34',6,'2024-05-23 22:10:47.699000','2024-05-23 22:12:04.120000','2024-05-23 22:12:05.356219'),
 (145,'24',2,'2024-05-25 12:45:30.542000','2024-05-25 17:03:53.000000','2024-05-25 17:03:54.263551'),
 (146,'24',2,'2024-05-25 13:23:00.539000','2024-05-25 17:04:14.780000','2024-05-25 17:04:15.579522'),
 (147,'25',6,'2024-05-25 14:05:52.451000','2024-05-25 17:04:26.720000','2024-05-25 17:04:28.453550'),
 (148,'25',6,'2024-05-25 14:05:52.451000','2024-05-26 14:05:52.940000','2024-05-25 14:06:34.735267'),
 (150,'22',2,'2024-05-26 20:48:01.933000',NULL,'2024-05-27 16:50:42.819959'),
 (151,'22',4,'2024-05-25 14:55:28.286000','2024-05-27 14:56:14.725000','2024-05-27 15:56:20.127680'),
 (153,'54',4,'2024-05-25 15:59:21.549000','2024-05-25 15:38:01.143000','2024-05-25 15:59:24.900015'),
 (154,'54',2,'2024-05-25 15:39:28.796000','2024-05-25 15:39:29.155000','2024-05-25 15:39:31.815105'),
 (155,'42',2,'2024-05-25 15:39:28.796000','2024-05-25 15:39:29.155000','2024-05-25 15:39:44.430260'),
 (156,'43',2,'2024-05-25 15:39:28.796000','2024-05-25 15:39:29.155000','2024-05-25 15:39:56.050295'),
 (157,'42',2,'2024-05-25 15:39:28.796000','2024-05-25 15:39:29.155000','2024-05-25 15:48:36.904467'),
 (172,'22',3,'2024-04-23 19:11:02.196000','2024-05-04 21:15:03.491000','2024-05-26 22:21:57.952918'),
 (173,'22',3,'2024-04-23 19:11:02.196000','2024-05-04 21:15:03.491000','2024-05-26 22:22:01.635956'),
 (174,'22',3,'2024-04-23 19:11:02.196000','2024-05-04 21:15:03.491000','2024-05-26 22:22:02.985373'),
 (175,'22',3,'2024-04-23 19:11:02.196000','2024-05-04 21:15:03.491000','2024-05-26 22:22:03.430868'),
 (176,'22',3,'2024-04-23 19:11:02.196000','2024-05-04 21:15:03.491000','2024-05-26 22:22:03.843996'),
 (177,'22',3,'2024-04-23 19:11:02.196000','2024-05-04 21:15:03.491000','2024-05-26 22:22:04.264333'),
 (178,'22',3,'2024-04-23 19:11:02.196000','2024-05-04 21:15:03.491000','2024-05-26 22:22:04.686292'),
 (179,'22',3,'2024-04-23 19:11:02.196000','2024-05-04 21:15:03.491000','2024-05-26 22:22:05.109437'),
 (180,'22',3,'2024-04-23 19:11:02.196000','2024-05-04 21:15:03.491000','2024-05-26 22:22:20.683408'),
 (181,'22',3,'2024-04-23 19:11:02.196000','2024-05-04 21:15:03.491000','2024-05-26 22:22:21.132985'),
 (182,'22',3,'2024-04-23 19:11:02.196000','2024-05-04 21:15:03.491000','2024-05-26 22:22:22.015938'),
 (183,'22',3,'2024-04-23 19:11:02.196000','2024-05-04 21:15:03.491000','2024-05-26 22:22:22.500107'),
 (184,'22',3,'2024-04-23 19:11:02.196000','2024-05-04 21:15:03.491000','2024-05-26 22:22:22.993524'),
 (185,'22',2,'2024-04-23 19:11:02.196000','2024-05-04 21:15:03.491000','2024-05-26 22:22:32.385012'),
 (186,'22',3,'2024-04-23 19:11:02.196000','2024-05-04 21:15:03.491000','2024-05-26 22:25:02.232309'),
 (187,'22',3,'2024-04-23 19:11:02.196000','2024-05-04 21:15:03.491000','2024-05-26 22:25:53.650826'),
 (188,'22',3,'2024-04-23 19:11:02.196000','2024-05-04 21:15:03.491000','2024-05-26 22:33:04.489683'),
 (189,'22',3,'2024-04-23 19:11:02.196000','2024-05-04 21:15:03.491000','2024-05-26 22:37:26.545798'),
 (190,'22',2,'2024-04-23 19:11:02.196000','2024-05-04 21:15:03.491000','2024-05-26 22:38:53.339905'),
 (193,'25',5,'2024-05-28 15:58:32.327000',NULL,'2024-05-27 15:58:43.545345'),
 (194,'41',2,'2024-05-26 16:09:49.979000',NULL,'2024-05-27 16:14:42.857430'),
 (197,'22',4,'2024-05-26 16:20:41.403000','2024-05-27 16:20:48.738000','2024-05-27 16:20:56.417445'),
 (198,'22',4,'2024-05-26 16:20:41.403000','2024-05-27 16:21:53.338000','2024-05-27 16:21:54.056020'),
 (199,'22',6,'2024-05-26 16:20:41.403000','2024-05-27 16:22:31.343000','2024-05-27 16:22:32.323834'),
 (200,'24',2,'2024-05-27 16:42:56.061000',NULL,'2024-05-27 16:43:37.389074'),
 (202,'42',2,'2024-05-27 16:45:51.026000','2024-05-28 16:45:51.559000','2024-05-27 16:46:33.354872'),
 (203,'42',6,'2024-05-27 16:45:51.026000','2024-05-28 16:45:51.559000','2024-05-27 16:46:52.060009');
INSERT INTO "Habitacion_estado" ("id","value","is_in_arquiler","is_in_hab_reg","is_in_hab","background") VALUES (0,'Inhabilitado','False','False','True','#d53e4f'),
 (1,'Disponible','False','False','True','#AACD44'),
 (2,'Ocupado','True','True','False','#fdae61'),
 (3,'Reservado','True','True','False','#abdda4'),
 (4,'SL','False','True','False','#fee08b'),
 (5,'FL','False','True','False','#f46d43'),
 (6,'Limpiando SL','False','True','False','#e6f598'),
 (7,'Limpiando FL','False','True','False','#81CDB0'),
 (8,'Se cayó','False','True','False','#8155B0');
INSERT INTO "Habitacion" ("id","nombre","descripcion","precioReferencia","piso","camas","caracteristicas","id_permanent_state") VALUES ('21','Matrimonial Queen','Comodo y abrigado',500,2,'4','1,1',1),
 ('22','Matrimonial','Comodo y abrigado',180,2,'3','4',1),
 ('23','Estandar','Comodo y abrigado',800,2,'2','1,3,2',1),
 ('24','Matrimonial Queen','Comodo y abrigado',200,2,'4','1,2',1),
 ('25','Familiar (dos camas)','Comodo y abrigado',210,2,'3,4','1,3,2',1),
 ('31','Matrimonial Queen','Comodo y limpio',200,3,'4','1,2',1),
 ('32','Matrimonial','Comodo y limpio',180,3,'3','1,1',1),
 ('33','Estandar','Comodo y limpio',120,3,'2','4',1),
 ('34','Matrimonial Queen','Comodo y limpio',200,3,'4','1,3,2',1),
 ('35','Familiar (dos camas)','Comodo y limpio',210,3,'3,4','1,2',1),
 ('41','Matrimonial Queen','Comodo y limpio',200,4,'4','1,1',1),
 ('42','Matrimonial','Comodo y limpio',180,4,'3','4',0),
 ('43','Matrimonial','Comodo y limpio',180,4,'3','1,3,2',1),
 ('44','Matrimonial Queen','Comodo y limpio',200,4,'4','1,2',1),
 ('45','Estandar','Comodo y limpio',120,4,'2','1,1',1),
 ('46','Estandar','Comodo y limpio',120,4,'2','4',0),
 ('51','Matrimonial Queen','Comodo y limpio',120,5,'4','1,2',1),
 ('52','Matrimonial','Comodo y limpio',120,5,'3','1,3,2',0),
 ('53','Matrimonial','Comodo y limpio',180,5,'3','4',1),
 ('54','Matrimonial Queen','Comodo y limpio',180,5,'4','4',1),
 ('55','Estandar','Comodo y limpio',180,5,'2','1,3,2',1),
 ('56','Estandar','Comodo y limpio',180,5,'2','1,3,2',0);
COMMIT;
